{"assets/addproduct.png":["assets/addproduct.png"],"assets/barcode-scanner.png":["assets/barcode-scanner.png"],"assets/bca.png":["assets/bca.png"],"assets/bni.png":["assets/bni.png"],"assets/bri.png":["assets/bri.png"],"assets/buyer.png":["assets/buyer.png"],"assets/cart1.png":["assets/cart1.png"],"assets/check.png":["assets/check.png"],"assets/coming-soon.png":["assets/coming-soon.png"],"assets/condiment.png":["assets/condiment.png"],"assets/correct.png":["assets/correct.png"],"assets/cutlery.png":["assets/cutlery.png"],"assets/database.png":["assets/database.png"],"assets/fifo.png":["assets/fifo.png"],"assets/fingerprint.png":["assets/fingerprint.png"],"assets/google.png":["assets/google.png"],"assets/gopay.jpg":["assets/gopay.jpg"],"assets/help.png":["assets/help.png"],"assets/icons8-barcode-100.png":["assets/icons8-barcode-100.png"],"assets/icons8-checklist-100.png":["assets/icons8-checklist-100.png"],"assets/image2.png":["assets/image2.png"],"assets/investor.png":["assets/investor.png"],"assets/link.png":["assets/link.png"],"assets/list.png":["assets/list.png"],"assets/logo-dana-indonesia.jpg":["assets/logo-dana-indonesia.jpg"],"assets/logo-shopeepay.png":["assets/logo-shopeepay.png"],"assets/mandiri.png":["assets/mandiri.png"],"assets/other.png":["assets/other.png"],"assets/outlet.png":["assets/outlet.png"],"assets/outlet1.png":["assets/outlet1.png"],"assets/ovo.png":["assets/ovo.png"],"assets/package.png":["assets/package.png"],"assets/pegawai.png":["assets/pegawai.png"],"assets/pembeli.png":["assets/pembeli.png"],"assets/permatabank.png":["assets/permatabank.png"],"assets/product.png":["assets/product.png"],"assets/product1.png":["assets/product1.png"],"assets/products.png":["assets/products.png"],"assets/qris.png":["assets/qris.png"],"assets/resto.png":["assets/resto.png"],"assets/retail.png":["assets/retail.png"],"assets/round-table.png":["assets/round-table.png"],"assets/settings.png":["assets/settings.png"],"assets/sheryl.png":["assets/sheryl.png"],"assets/staff.png":["assets/staff.png"],"assets/support.png":["assets/support.png"],"assets/transaction.png":["assets/transaction.png"],"assets/user.png":["assets/user.png"],"assets/wallet.png":["assets/wallet.png"],"packages/cupertino_icons/assets/CupertinoIcons.ttf":["packages/cupertino_icons/assets/CupertinoIcons.ttf"],"packages/esc_pos_utils/resources/capabilities.json":["packages/esc_pos_utils/resources/capabilities.json"],"packages/flutter_neumorphic/fonts/NeumorphicIcons.ttf":["packages/flutter_neumorphic/fonts/NeumorphicIcons.ttf"],"packages/fluttertoast/assets/toastify.css":["packages/fluttertoast/assets/toastify.css"],"packages/fluttertoast/assets/toastify.js":["packages/fluttertoast/assets/toastify.js"],"packages/im_stepper/assets/me.jpg":["packages/im_stepper/assets/me.jpg"],"packages/toast/assets/toastify.css":["packages/toast/assets/toastify.css"],"packages/toast/assets/toastify.js":["packages/toast/assets/toastify.js"]}